<?xml version="1.0" encoding="UTF-8"?><rss version="2.0"
	xmlns:content="http://purl.org/rss/1.0/modules/content/"
	xmlns:wfw="http://wellformedweb.org/CommentAPI/"
	xmlns:dc="http://purl.org/dc/elements/1.1/"
	xmlns:atom="http://www.w3.org/2005/Atom"
	xmlns:sy="http://purl.org/rss/1.0/modules/syndication/"
	xmlns:slash="http://purl.org/rss/1.0/modules/slash/"
	
	xmlns:georss="http://www.georss.org/georss"
	xmlns:geo="http://www.w3.org/2003/01/geo/wgs84_pos#"
	>

<channel>
	<title>Prodotti &#8211; EuroTech</title>
	<atom:link href="http://localhost/ecommerce2/negozio/feed/?simply_static_page=60" rel="self" type="application/rss+xml" />
	<link></link>
	<description></description>
	<lastBuildDate>Tue, 21 Mar 2023 15:56:55 +0000</lastBuildDate>
	<language>it-IT</language>
	<sy:updatePeriod>
	hourly	</sy:updatePeriod>
	<sy:updateFrequency>
	1	</sy:updateFrequency>
	<generator>https://wordpress.org/?v=6.1.1</generator>
	<item>
		<title>Apple iPhone 13 128GB Mezzanotte</title>
		<link>/prodotto/apple-iphone-13-128gb-mezzanotte/</link>
					<comments>/prodotto/apple-iphone-13-128gb-mezzanotte/#respond</comments>
		
		<dc:creator><![CDATA[Stefano]]></dc:creator>
		<pubDate>Tue, 21 Mar 2023 13:46:09 +0000</pubDate>
				<guid isPermaLink="false">/?post_type=product#038;p=17</guid>

					<description><![CDATA[<p class="copy j903B7B channel-custom-font-80-headline-super-CUSTOM">Il tuo nuovo superpotere.</p>
<p class="copy j903B7B channel-custom-font-80-headline-super-CUSTOM">Un display superluminoso in un design robusto. Funzioni per filmare come a Hollywood, ma facilissime da usare. Un chip velocissimo. E una maggiore durata della batteria, che sfrutterai ogni giorno.</p>]]></description>
										<content:encoded><![CDATA[<p><b>iPhone 13</b><br />
<b>Il tuo nuovo superpotere.</b></p>
<p>Il nostro sistema a doppia fotocamera più evoluto di sempre. Migliora del 47% la qualità delle immagini riprese in notturna.</p>
<p>La modalità Cinema riduce automaticamente la profondità di campo. E puoi cambiare la messa a fuoco anche dopo aver filmato.</p>
<p>Fino a 19 ore di riproduzione video. Autonomia senza precedenti.</p>
<p>Ancora più potente grazie al nuovo chip A15 Bionic e al 5G ultrarapido.</p>
<p>Il Ceramic Shield è più duro di qualsiasi vetro per smartphone. E puoi contare sulla resistenza agli schizzi, alle gocce e alla polvere.</p>
<p>Colori incredibili sul display Super Retina XDR, ora il 28% più luminoso.</p>
]]></content:encoded>
					
					<wfw:commentRss>/prodotto/apple-iphone-13-128gb-mezzanotte/feed/</wfw:commentRss>
			<slash:comments>0</slash:comments>
		
		
			</item>
		<item>
		<title>Apple iPad Air 10.9” Wi-Fi 64GB – Grigio siderale</title>
		<link>/prodotto/apple-ipad-air-10-9-wi-fi-64gb-grigio-siderale/</link>
					<comments>/prodotto/apple-ipad-air-10-9-wi-fi-64gb-grigio-siderale/#respond</comments>
		
		<dc:creator><![CDATA[Stefano]]></dc:creator>
		<pubDate>Tue, 21 Mar 2023 13:43:35 +0000</pubDate>
				<guid isPermaLink="false">/?post_type=product#038;p=15</guid>

					<description><![CDATA[<p class="copy tBA7F9C channel-custom-font-custom-80-headline-super">Leggero. Colorato.
Con un chip esagerato.</p>
<p class="copy tBA7F9C channel-custom-font-custom-80-headline-super">I superpoteri del chip Apple M1. Fotocamera frontale da 12MP con ultra‑grandangolo e Inquadratura automatica. 5G ultrarapido. In cinque magnifici colori.</p>]]></description>
										<content:encoded><![CDATA[<p><b>Design all‑screen. Spazio alla bellezza.</b><br />
Display Liquid Retina da 10,9″<br />
Con il nuovo iPad Air ti immergi in tutto quello che leggi, guardi o crei. Lo splendido display Liquid Retina da 10,9″ ha un’ampia gamma cromatica P3, tecnologie evolute come True Tone, e il rivestimento antiriflesso.</p>
<p>Il Touch ID è integrato nel tasto superiore: basta un tocco per sbloccare il dispositivo, accedere alle app e pagare i tuoi acquisti in totale sicurezza con Apple Pay. Scegli il tuo preferito tra i cinque magnifici colori di iPad Air, e inizia l’avventura.</p>
]]></content:encoded>
					
					<wfw:commentRss>/prodotto/apple-ipad-air-10-9-wi-fi-64gb-grigio-siderale/feed/</wfw:commentRss>
			<slash:comments>0</slash:comments>
		
		
			</item>
	</channel>
</rss>
